<?xml version="1.0" encoding="UTF-8" standalone="no"?>
<beans xmlns="http://www.springframework.org/schema/beans"
	xmlns:batch="http://www.springframework.org/schema/batch"
	xmlns:cache="http://www.springframework.org/schema/cache"
	xmlns:context="http://www.springframework.org/schema/context"
	xmlns:jee="http://www.springframework.org/schema/jee"
	xmlns:mvc="http://www.springframework.org/schema/mvc"
	xmlns:tx="http://www.springframework.org/schema/tx"
	xmlns:xsi="http://www.w3.org/2001/XMLSchema-instance"
	xmlns:util="http://www.springframework.org/schema/util"
	xmlns:task="http://www.springframework.org/schema/task"
	xmlns:jpa="http://www.springframework.org/schema/data/jpa"

	xsi:schemaLocation="http://www.springframework.org/schema/beans
	http://www.springframework.org/schema/beans/spring-beans.xsd
	http://www.springframework.org/schema/batch
    http://www.springframework.org/schema/batch/spring-batch.xsd
    http://www.springframework.org/schema/cache 
    http://www.springframework.org/schema/cache/spring-cache.xsd
	http://www.springframework.org/schema/context
	http://www.springframework.org/schema/context/spring-context.xsd
	http://www.springframework.org/schema/jee
	http://www.springframework.org/schema/jee/spring-jee.xsd
	http://www.springframework.org/schema/mvc
	http://www.springframework.org/schema/mvc/spring-mvc.xsd
	http://www.springframework.org/schema/task
	http://www.springframework.org/schema/task/spring-task.xsd
	http://www.springframework.org/schema/tx
	http://www.springframework.org/schema/tx/spring-tx.xsd
	http://www.springframework.org/schema/util
	http://www.springframework.org/schema/util/spring-util.xsd
	http://www.springframework.org/schema/data/jpa
    http://www.springframework.org/schema/data/jpa/spring-jpa.xsd">




	<context:property-placeholder
		location=" classpath:*.properties,
        classpath:/cpc/*.properties,classpath:environment.properties,classpath:/json/*.json"
		ignore-unresolvable="true" ignore-resource-not-found="true" />






	<bean id="wmsRestTemplate"
		class="org.springframework.web.client.RestTemplate" />


	<!-- needed to pick up the annotated java-config -->
	<context:annotation-config />
	<bean name="appConfig" class="gov.uspto.tasks.service.AppConfig">
	</bean>
	<context:spring-configured />



	<bean id="activitiTransactionManager"
		class="org.springframework.orm.jpa.JpaTransactionManager"
		primary="true">
		<property name="entityManagerFactory"
			ref="activitiEntityManagerFactory" />
	</bean>





</beans>
