<?xml version="1.0" encoding="UTF-8" standalone="no"?>
<beans xmlns="http://www.springframework.org/schema/beans"
	xmlns:batch="http://www.springframework.org/schema/batch"
	xmlns:cache="http://www.springframework.org/schema/cache"
	xmlns:context="http://www.springframework.org/schema/context"
	xmlns:jee="http://www.springframework.org/schema/jee"
	xmlns:mvc="http://www.springframework.org/schema/mvc"
	xmlns:tx="http://www.springframework.org/schema/tx"
	xmlns:xsi="http://www.w3.org/2001/XMLSchema-instance"
	xmlns:util="http://www.springframework.org/schema/util"
	xmlns:task="http://www.springframework.org/schema/task"
	xmlns:jpa="http://www.springframework.org/schema/data/jpa"

	xsi:schemaLocation="http://www.springframework.org/schema/beans
	http://www.springframework.org/schema/beans/spring-beans.xsd
	http://www.springframework.org/schema/batch
    http://www.springframework.org/schema/batch/spring-batch.xsd
    http://www.springframework.org/schema/cache 
    http://www.springframework.org/schema/cache/spring-cache.xsd
	http://www.springframework.org/schema/context
	http://www.springframework.org/schema/context/spring-context.xsd
	http://www.springframework.org/schema/jee
	http://www.springframework.org/schema/jee/spring-jee.xsd
	http://www.springframework.org/schema/mvc
	http://www.springframework.org/schema/mvc/spring-mvc.xsd
	http://www.springframework.org/schema/task
	http://www.springframework.org/schema/task/spring-task.xsd
	http://www.springframework.org/schema/tx
	http://www.springframework.org/schema/tx/spring-tx.xsd
	http://www.springframework.org/schema/util
	http://www.springframework.org/schema/util/spring-util.xsd
	http://www.springframework.org/schema/data/jpa
    http://www.springframework.org/schema/data/jpa/spring-jpa.xsd">


	<!-- <context:property-placeholder
		location="classpath*:META-INF/spring/*.properties, classpath:application.properties,
        classpath:environment.properties"
		ignore-unresolvable="true" /> -->

	<context:property-placeholder
		location="classpath*:META-INF/spring/*.properties, classpath:*.properties,
        classpath:/cpc/*.properties,classpath:environment.properties,classpath:/json/*.json"
		ignore-unresolvable="true" ignore-resource-not-found="true" />
	<util:map id="documentAdapterConfig"
		map-class="java.util.LinkedHashMap">
		<!-- Datatypes for this map: key : CPC XML XSD version value : String representation 
			of the DocumentAdapter Implementation -->
		<entry key="1.6"
			value="gov.uspto.pe2e.cpc.ipc.rest.commons.service.document.adapter.v1_0.DocumentAdapter" />
		<entry key="1.7"
			value="gov.uspto.pe2e.cpc.ipc.rest.commons.service.document.adapter.v1_1.DocumentAdapter" />
		<!-- <entry key="1.8" value="gov.uspto.pe2e.cpc.ipc.rest.web.service.document.adapter.v1_1.DocumentAdapter" 
			/> -->
	</util:map>
	<util:map id="runningThreadsByProposalUuid"
			  key-type="java.lang.Long"
			  value-type="java.util.UUID"
			  map-class="java.util.concurrent.ConcurrentHashMap">
	</util:map>
	<bean id="messageSource"
		class="org.springframework.context.support.ReloadableResourceBundleMessageSource">
<!-- 		<property name="basename" value="classpath:messages" /> -->
		<property name="basename" value="${message_bundle_location}" />
		<property name="defaultEncoding" value="UTF-8" />
		<property name="fallbackToSystemLocale" value="false" />
	</bean>



	<bean id="messageLocator"
		class="org.springframework.validation.beanvalidation.MessageSourceResourceBundleLocator">
		<constructor-arg index="0" ref="messageSource" />
	</bean>
	<bean id="samlUserDetailsService" class="gov.uspto.pe2e.cpc.ipc.rest.commons.security.saml.UsptoSAMLUserDetailsService">
		<property name="defaultRoles">
			<util:list>
				<value type="java.lang.String">EMPLOYEE</value>
			</util:list>
		</property>
	</bean> 
<!-- 
	<bean id="messageInterpolator"
		class="org.springframework.validation.beanvalidation.LocaleContextMessageInterpolator">
		<constructor-arg index="0">
			<bean id="hibernateMessageInterpolator"
				class="org.hibernate.validator.messageinterpolation.ResourceBundleMessageInterpolator">
				<constructor-arg name="userResourceBundleLocator"
					ref="messageLocator" />
				<constructor-arg name="cacheMessages" value="true" />
			</bean>
		</constructor-arg>
	</bean>
 -->
	<bean id="wmsRestTemplate"
		class="org.springframework.web.client.RestTemplate" />


	<context:component-scan
		base-package="gov.uspto.pe2e.cpc.ipc.rest">
		<context:exclude-filter
			expression="org.springframework.stereotype.Controller"
			type="annotation" />
		<!-- <context:exclude-filter expression="org.springframework.scheduling.annotation.Scheduled" 
			type="annotation" /> -->
		<!-- <context:exclude-filter expression="org.springframework.stereotype.Service" 
			type="annotation" /> <context:exclude-filter expression="gov.uspto.pe2e.cpc.ipc.rest.job.*" 
			type="regex" /> <context:exclude-filter expression="gov.uspto.pe2e.cpc.ipc.rest.web.service.Wms*" 
			type="regex" /> <context:exclude-filter expression="gov.uspto.pe2e.cpc.ipc.rest.web.service.handler.docx4j.*" 
			type="regex" /> <context:exclude-filter expression="gov.uspto.pe2e.cpc.ipc.rest.web.security.*" 
			type="regex" /> <context:exclude-filter expression="gov.uspto.pe2e.cpc.ipc.rest.web.service.saml.*" 
			type="regex" /> <context:exclude-filter expression="gov.uspto.pe2e.cpc.ipc.rest.web.service.handler.lock.*" 
			type="regex" /> <context:exclude-filter expression="gov.uspto.pe2e.cpc.ipc.rest.web.controller.error.GlobalControllerExceptionHandler" 
			type="regex"/> -->
			
		<context:exclude-filter
			expression="gov.uspto.pe2e.cpc.ipc.rest.wms.job.ProductionActivityToolScheduler"
			type="regex" />
		<context:exclude-filter
			expression="gov.uspto.pe2e.cpc.ipc.rest.pm.service.ProposalExportService"
			type="regex" />
		<context:exclude-filter
			expression="gov.uspto.pe2e.cpc.ipc.rest.wms.service.TaskAssignmentService"
			type="regex" />
		<context:exclude-filter
			expression="gov.uspto.pe2e.cpc.ipc.rest.sn.job.LuceneIndexCleanupHelperJob"
			type="regex" />
		<context:exclude-filter
			expression="gov.uspto.pe2e.cpc.ipc.rest.sn.job.PrecacheHelperJob"
			type="regex" />
		<context:exclude-filter
			expression="gov.uspto.pe2e.cpc.ipc.rest.pm.job.ProposalLockCleanupHelperJob"
			type="regex" />
		<context:exclude-filter
			expression="gov.uspto.pe2e.cpc.ipc.rest.sn.service.SymbolSearchService"
			type="regex" />
		<context:exclude-filter
			expression="gov.uspto.pe2e.cpc.ipc.rest.wms.cef.job.CefMigrationJob"
			type="regex" />
		<context:exclude-filter
			expression="gov.uspto.pe2e.cpc.ipc.rest.cef.controller.CefMigrationController"
			type="regex" />	
		<context:exclude-filter
			expression="gov.uspto.pe2e.cpc.ipc.rest.cef.controller.WmsProcessInstanceController"
			type="regex" />	
		<context:exclude-filter
			expression="gov.uspto.pe2e.cpc.ipc.rest.cef.controller.WmsTaskController"
			type="regex" />
		<context:exclude-filter
			expression="gov.uspto.pe2e.cpc.ipc.rest.wms.service.WmsTaskService"
			type="regex" />	
		<context:exclude-filter
			expression="gov.uspto.pe2e.cpc.ipc.rest.wms.service.WmsProcessInstanceService"
			type="regex" />
        <context:exclude-filter
			expression="gov.uspto.pe2e.cpc.ipc.rest.wms.service.PayPeriodService"
			type="regex" />
		<context:exclude-filter
			expression="gov.uspto.pe2e.cpc.ipc.rest.commons.api.CpcWmsTaskHistoryProvider"
			type="regex" />		
		<context:exclude-filter
			expression="gov.uspto.pe2e.cpc.ipc.rest.pm.service.ProposalExportService"
			type="regex" />
		<context:exclude-filter
			expression="gov.uspto.pe2e.cpc.ipc.rest.pm.controller.ProposalExportController"
			type="regex" />
		<context:exclude-filter
			expression="gov.uspto.pe2e.cpc.ipc.rest.pm.service.scheduler.PublicationThreadNanny"
			type="regex" />	
			

	</context:component-scan>
	<context:annotation-config />
	<context:spring-configured />
	<bean id="cpcDataSource"
		class="org.springframework.jdbc.datasource.DriverManagerDataSource">
<!-- 		<property name="driverClassName" value="oracle.jdbc.driver.OracleDriver" /> -->
<!-- 		<property name="url" value="jdbc:oracle:thin:@cpc117-sit-rds.cb4y1586fdeq.us-east-1.rds.amazonaws.com:1521:orcl" /> -->
<!-- 		<property name="username" value="CPCIP_USER" /> -->
<!-- 		<property name="password" value="Cpcip_u01_2020" /> -->
		
		<property name="driverClassName" value="${cpc.jdbc.driver}" />
		<property name="url" value="${cpc.jdbc.url}" />
		<property name="username" value="${cpc.jdbc.user}" />
		<property name="password" value="${cpc.jdbc.password}" />
	</bean>
	
	
<!-- 	#start of CPC IP custom properties
cpc.jdbc.user=CPCIP_USER
cpc.jdbc.password=Cpcip_u01_2020
cpc.jdbc.url=jdbc:oracle:thin:@cpc117-sit-rds.cb4y1586fdeq.us-east-1.rds.amazonaws.com:1521:orcl
cpc.jdbc.driver=oracle.jdbc.driver.OracleDriver
cpc.hibernate.dialect=org.hibernate.dialect.Oracle10gDialect
cpc.hibernate.ddlauto.setting=validate
message_bundle_location=classpath:i18n/messages
#end of CPC IP custom properties  -->
	
	
	<bean class="org.springframework.orm.jpa.LocalContainerEntityManagerFactoryBean" id="entityManagerFactory">
		<property name="packagesToScan" value="gov.uspto.pe2e.cpc.ipc.rest.commons.persistence.entity" />
		<property name="mappingResources">
			<value>orm.xml</value>
		</property>
		<property name="dataSource" ref="cpcDataSource" />
		<property name="jpaVendorAdapter">
			<bean
				class="org.springframework.orm.jpa.vendor.HibernateJpaVendorAdapter" />
		</property>
		<property name="persistenceUnitName" value="cpc" />
		<property name="jpaProperties">
			<props>
				<prop key="hibernate.hbm2ddl.auto">validate</prop>
				<prop key="hibernate.dialect">org.hibernate.dialect.Oracle10gDialect</prop>
				<prop key="hibernate.show_sql">false</prop>
				<prop key="hibernate.ejb.naming_strategy">org.hibernate.cfg.ImprovedNamingStrategy</prop>
				<!-- <prop key="hibernate.cache.provider_class">org.hibernate.cache.SingletonEhCacheProvider</prop> 
					<prop key="hibernate.cache.use_second_level_cache">true</prop> <prop key="hibernate.cache.use_query_cache">true</prop> 
					<prop key="hibernate.cache.region.factory_class">org.hibernate.cache.ehcache.EhCacheRegionFactory 
					</prop> -->
				<prop key="hibernate.generate_statistics">true</prop>
				<prop key="net.sf.ehcache.configurationResourceName">ehcache.xml</prop>

			</props>
		</property>
	</bean>



	<bean id="dataSource"
		  class="org.springframework.jdbc.datasource.DriverManagerDataSource">
		<property name="driverClassName" value="com.mysql.cj.jdbc.Driver" />
		<property name="url" value="jdbc:mysql://localhost:3306/spring_jpa" />
		<property name="username" value="tutorialuser" />
		<property name="password" value="tutorialmy5ql" />
	</bean>

	<bean id="activitiTransactionManager"
		class="org.springframework.orm.jpa.JpaTransactionManager"
		primary="true">
		<property name="entityManagerFactory"
			ref="activitiEntityManagerFactory" />
	</bean>
	<bean id="transactionManager"
		class="org.springframework.orm.jpa.JpaTransactionManager"
		primary="false">
		<property name="entityManagerFactory"
			ref="entityManagerFactory" />
	</bean>

	<tx:annotation-driven
		transaction-manager="transactionManager" />

	<!-- Scan for Spring Data repositories -->
	<jpa:repositories
		base-package="gov.uspto.pe2e.cpc.ipc.rest.commons.persistence.repository" />

	<util:list id="proposalCompletenessValidator"
		value-type="gov.uspto.pe2e.cpc.ipc.rest.pm.service.proposal.validator.ProposalValidator">
		<ref bean="duplicateRowGlobalValidator" />
		<ref bean="proposalRowDotLevelValidator" />  <!-- US72726 -->
		<ref bean="proposalRowDotLevelWithSymbolValidator" />
		<ref bean="proposalRowEntryTypeAndTransferToComboValidator" />  <!-- US35872  -->
		<ref bean="proposalRowIntellectualReclassOnCertainTypeValidator" /> <!-- US47829, US69462 -->
		<ref bean="proposalRowEntryTypeValidator" />
		<ref bean="proposalRowIntellectualReclassValidator" /> <!-- US46299 -->
		<ref bean="proposalRowReclassCategoryValidator" /> <!-- US46628 -->
		<ref bean="proposalRowReclassCheckForEntryTypeValidator" /> <!-- US46301 -->
		<ref bean="proposalRowReclassCheckForMainOrSubGroupValidator" /> <!-- US46626 -->
		<ref bean="proposalRowReclassTransferDuplicateValidator" />
		<ref bean="proposalRowSymbolNameValidator" />
		<ref bean="proposalRowTitleEmptyValidator" /> <!-- US46298 -->
		<ref bean="proposalRowUniqueSortKeyValidator" /> <!-- US46296, US67180 -->
		<ref bean="titleGrammarValidator" />
		<ref bean="titleDanglingSemicolonFltValidator" /><!-- US68994 -->
		<ref bean="titleValidTitleButInvalidFltValidator" />
		<ref bean="titleHasNonReferenceFltValidator" />
		<ref bean="titleReference0Or1AndAtEndFltValidator" />
		<ref bean="titleReferencePartFltValidator" />
		<ref bean="titleSymbolReferenceValidator" /> <!-- US39235 -->
		<ref bean="titleDanglingSemicolonCPCValidator" /> <!-- US68994 -->
		<ref bean="titleHasNonReferenceCPCValidator" /> <!-- US67035 -->
		<ref bean="titleReference0Or1AndAtEndCPCValidator" /> <!-- US47831 & US47832 -->
		<ref bean="titleReferencePartCPCValidator" /> <!-- US48285 US48284 -->
		<ref bean="definitionSymbolReferenceFormatValidator" /> <!-- US93859 -->
		<ref bean="noteSymbolReferenceFormatValidator" /> <!-- US93862 -->

	</util:list>

	<util:list id="proposalConsistencyValidator"
		value-type="gov.uspto.pe2e.cpc.ipc.rest.pm.service.proposal.validator.ProposalValidator">
		<ref bean="proposalRowCTypeAndReclassValidator"/> <!--  US68697, US69395 -->
		<ref bean="proposalRowTTypeAndReclassValidator" /> <!-- US69630 -->		
		<ref bean="proposalRowFrozenSymbolTypeValidator"/> <!-- US68747 -->
		<ref bean="proposalRowFrozenTypeReclassValidator"/> <!-- US68702 -->		
		<ref bean="proposalRowNTypeAndReclassValidator" /> <!-- US68695 -->
		<ref bean="proposalRowQTypeAndReclassValidator" /> <!-- US69394, US69539 -->
		<ref bean="proposalRowQTypeValidator" /> <!-- US69542 -->				
		<ref bean="proposalRowReclassTransferInContextAndGoldCopyValidator" />
		<ref bean="proposalRowTypeAndSymbolComboCorrectValidator" />
		<ref bean="proposalRowUGroupAndIndentLevelValidator" /> <!-- US71229 -->
		<ref bean="proposalRowNewSubGroupRequireMainGroupValidator" /> <!-- US71354 -->
		<ref bean="proposalRowQTypeDoNotReceiveDocsFromFTypeValidator" /> <!-- US74372 -->
		<ref bean="proposalRowUorMTypeDoNotReceiveDocsFromAnyTypeValidator" /> <!-- US74369 -->	
		<ref bean="proposalRowReclassAdminValidator" /> <!-- US74375 -->
		<ref bean="proposalRowTypeDOrFValidator" /> <!--  US74379 -->
		<ref bean="proposalRowReclassAdminInventiveValidator" /> <!-- US74381 -->
		<ref bean="proposalRowNorQTypeAndSubClassValidator" /> <!-- US75708 -->
		<ref bean="proposalRowNorQTypeAndMainGroupValidator" /> <!-- US75707 -->
		<ref bean="proposalRowNorQTypeAndSortKeyValidator" /> <!-- US75703 -->
		<ref bean="proposalRowFTypeSymbolAndQTypeReclassValidator" /> <!-- US75709 -->
		<ref bean="proposalRowDTypeAndTransferToComboValidator" /> <!-- US75710 -->
		<ref bean="proposalRowFrozenSymbolAndIndentValidator" /> <!-- US76227 -->
		<ref bean="proposalRowSymbolAndTitleLimitingReferenceValidator"/> <!-- US85816 -->
		<ref bean="proposalRowTypeAndFrozenSymbolInTitleValidator"/> <!-- US85817 -->
		<ref bean="proposalRowCpcSymbolInTitleLimitingReferenceValidator"/> <!-- US85818 -->
		<ref bean="proposalRowTitleAndInformativeReferenceValidator"/> <!-- US85819 -->
		<ref bean="proposalRowSymbolAndTitlePrecedenceValidator"/> <!-- US91219 -->
		<ref bean="proposalRowSymbolAndTitleLimitingReferenceAndSubGroupValidator"/> <!-- US91224 -->
		<ref bean="proposalRowTitleGroupReferenceValidator"/> <!-- US91223 -->
		<ref bean="proposalRowReclassCheckAndGlobalForTypeDandFValidator"/> <!-- US76232 -->
		<ref bean="proposalRowTitleAndReferenceSymbolValidator"/> <!-- US91222 -->
		<ref bean="definitionSymbolReferenceExistsValidator" /> <!-- US93860 -->
     	<ref bean="noteSymbolReferenceExistsValidator" /> <!-- US93864 -->
     	<ref bean="cpcOnlyLimitingReferenceValidator" /> <!-- US93854 -->
     	<ref bean="cpcOnlyNonLimitingReferenceValidator" /> <!-- US93855 -->
     	<ref bean="ipcOnlyLimitingReferenceValidator"/>
     	<ref bean="limitingReferenceMustHaveTitleReferenceValidator"/> <!-- US93857 -->
     	<ref bean="nonLimitingReferenceCannotHaveTitleReferenceValidator"/> <!-- US93858 -->
     	<ref bean="ipcOnlyNonLimitingReferenceValidator"/> <!-- US93856 -->
     	
     	
	</util:list>


</beans>
